{
 "Resources": {
  "KnowledgeBaseRoleA2B317B9": {
   "Type": "AWS::IAM::Role",
   "Properties": {
    "AssumeRolePolicyDocument": {
     "Statement": [
      {
       "Action": "sts:AssumeRole",
       "Effect": "Allow",
       "Principal": {
        "Service": "bedrock.amazonaws.com"
       }
      }
     ],
     "Version": "2012-10-17"
    }
   },
   "Metadata": {
    "aws:cdk:path": "KnowledgeBaseStack/KnowledgeBaseRole/Resource"
   }
  },
  "KnowledgeBaseRoleDefaultPolicyB3F66209": {
   "Type": "AWS::IAM::Policy",
   "Properties": {
    "PolicyDocument": {
     "Statement": [
      {
       "Action": [
        "s3:GetBucket*",
        "s3:GetObject*",
        "s3:List*"
       ],
       "Effect": "Allow",
       "Resource": [
        {
         "Fn::GetAtt": [
          "KnowledgeBaseDataBucket5C146177",
          "Arn"
         ]
        },
        {
         "Fn::Join": [
          "",
          [
           {
            "Fn::GetAtt": [
             "KnowledgeBaseDataBucket5C146177",
             "Arn"
            ]
           },
           "/*"
          ]
         ]
        }
       ]
      }
     ],
     "Version": "2012-10-17"
    },
    "PolicyName": "KnowledgeBaseRoleDefaultPolicyB3F66209",
    "Roles": [
     {
      "Ref": "KnowledgeBaseRoleA2B317B9"
     }
    ]
   },
   "Metadata": {
    "aws:cdk:path": "KnowledgeBaseStack/KnowledgeBaseRole/DefaultPolicy/Resource"
   }
  },
  "KnowledgeBaseDataBucket5C146177": {
   "Type": "AWS::S3::Bucket",
   "Properties": {
    "BucketEncryption": {
     "ServerSideEncryptionConfiguration": [
      {
       "ServerSideEncryptionByDefault": {
        "SSEAlgorithm": "AES256"
       }
      }
     ]
    },
    "PublicAccessBlockConfiguration": {
     "BlockPublicAcls": true,
     "BlockPublicPolicy": true,
     "IgnorePublicAcls": true,
     "RestrictPublicBuckets": true
    },
    "VersioningConfiguration": {
     "Status": "Enabled"
    }
   },
   "UpdateReplacePolicy": "Retain",
   "DeletionPolicy": "Retain",
   "Metadata": {
    "aws:cdk:path": "KnowledgeBaseStack/KnowledgeBaseDataBucket/Resource"
   }
  },
  "CDKMetadata": {
   "Type": "AWS::CDK::Metadata",
   "Properties": {
    "Analytics": "v2:deflate64:H4sIAAAAAAAA/yWLUQ7CIBAFz9J/WCv1BHoAGzyAQcS4QqEpu2kawt1Ny9fMm+QpUL2CvjNrlvbtZcAXlAcZ64VZ87OgmaDoFJy4feLBMQW02z6bVZEHKFe23tFem9UqtMuJF3s870wzUxXjRt8UTwOcFVy6X0aUC0fCyYFu/AN9T8idkQAAAA=="
   },
   "Metadata": {
    "aws:cdk:path": "KnowledgeBaseStack/CDKMetadata/Default"
   }
  }
 },
 "Outputs": {
  "KnowledgeBaseDataBucketName": {
   "Value": {
    "Ref": "KnowledgeBaseDataBucket5C146177"
   }
  },
  "KnowledgeBaseRoleArn": {
   "Value": {
    "Fn::GetAtt": [
     "KnowledgeBaseRoleA2B317B9",
     "Arn"
    ]
   }
  }
 },
 "Parameters": {
  "BootstrapVersion": {
   "Type": "AWS::SSM::Parameter::Value<String>",
   "Default": "/cdk-bootstrap/hnb659fds/version",
   "Description": "Version of the CDK Bootstrap resources in this environment, automatically retrieved from SSM Parameter Store. [cdk:skip]"
  }
 },
 "Rules": {
  "CheckBootstrapVersion": {
   "Assertions": [
    {
     "Assert": {
      "Fn::Not": [
       {
        "Fn::Contains": [
         [
          "1",
          "2",
          "3",
          "4",
          "5"
         ],
         {
          "Ref": "BootstrapVersion"
         }
        ]
       }
      ]
     },
     "AssertDescription": "CDK bootstrap stack version 6 required. Please run 'cdk bootstrap' with a recent version of the CDK CLI."
    }
   ]
  }
 }
}