{
  "version": "44.0.0",
  "files": {
    "20952dfcede29b62164b9807dfa6bdb4a321957d415a07cbdf325aa19cb3673a": {
      "displayName": "KnowledgeBaseStack Template",
      "source": {
        "path": "KnowledgeBaseStack.template.json",
        "packaging": "file"
      },
      "destinations": {
        "208476320381-us-west-2": {
          "bucketName": "cdk-hnb659fds-assets-208476320381-us-west-2",
          "objectKey": "20952dfcede29b62164b9807dfa6bdb4a321957d415a07cbdf325aa19cb3673a.json",
          "region": "us-west-2",
          "assumeRoleArn": "arn:${AWS::Partition}:iam::208476320381:role/cdk-hnb659fds-file-publishing-role-208476320381-us-west-2"
        }
      }
    }
  },
  "dockerImages": {}
}