{
  "version": "44.0.0",
  "files": {
    "55a09fab419a24f729f0f1828ae5cb85baf5cc4fc8d3d1d8cc40cc164a9f65aa": {
      "displayName": "DocumentProcessor/Code",
      "source": {
        "path": "asset.55a09fab419a24f729f0f1828ae5cb85baf5cc4fc8d3d1d8cc40cc164a9f65aa",
        "packaging": "zip"
      },
      "destinations": {
        "208476320381-us-west-2": {
          "bucketName": "cdk-hnb659fds-assets-208476320381-us-west-2",
          "objectKey": "55a09fab419a24f729f0f1828ae5cb85baf5cc4fc8d3d1d8cc40cc164a9f65aa.zip",
          "region": "us-west-2",
          "assumeRoleArn": "arn:${AWS::Partition}:iam::208476320381:role/cdk-hnb659fds-file-publishing-role-208476320381-us-west-2"
        }
      }
    },
    "38a13eb9a48d6819169b4ae17eb0d1d86a311222aa8bbd5f587f498cedf29c13": {
      "displayName": "MetadataTagger/Code",
      "source": {
        "path": "asset.38a13eb9a48d6819169b4ae17eb0d1d86a311222aa8bbd5f587f498cedf29c13",
        "packaging": "zip"
      },
      "destinations": {
        "208476320381-us-west-2": {
          "bucketName": "cdk-hnb659fds-assets-208476320381-us-west-2",
          "objectKey": "38a13eb9a48d6819169b4ae17eb0d1d86a311222aa8bbd5f587f498cedf29c13.zip",
          "region": "us-west-2",
          "assumeRoleArn": "arn:${AWS::Partition}:iam::208476320381:role/cdk-hnb659fds-file-publishing-role-208476320381-us-west-2"
        }
      }
    },
    "a821850fb728d75fc24b17139748ac002ab7dcd1ba760b73db62623b102f1b00": {
      "displayName": "QueryProcessor/Code",
      "source": {
        "path": "asset.a821850fb728d75fc24b17139748ac002ab7dcd1ba760b73db62623b102f1b00",
        "packaging": "zip"
      },
      "destinations": {
        "208476320381-us-west-2": {
          "bucketName": "cdk-hnb659fds-assets-208476320381-us-west-2",
          "objectKey": "a821850fb728d75fc24b17139748ac002ab7dcd1ba760b73db62623b102f1b00.zip",
          "region": "us-west-2",
          "assumeRoleArn": "arn:${AWS::Partition}:iam::208476320381:role/cdk-hnb659fds-file-publishing-role-208476320381-us-west-2"
        }
      }
    },
    "e7914de40f4a32d509af4052263e424629795b1cd22f44e514a201838f8d693a": {
      "displayName": "SecureKbStack Template",
      "source": {
        "path": "SecureKbStack.template.json",
        "packaging": "file"
      },
      "destinations": {
        "208476320381-us-west-2": {
          "bucketName": "cdk-hnb659fds-assets-208476320381-us-west-2",
          "objectKey": "e7914de40f4a32d509af4052263e424629795b1cd22f44e514a201838f8d693a.json",
          "region": "us-west-2",
          "assumeRoleArn": "arn:${AWS::Partition}:iam::208476320381:role/cdk-hnb659fds-file-publishing-role-208476320381-us-west-2"
        }
      }
    }
  },
  "dockerImages": {}
}